"","LOB","MC","ROB"
"Low_Prob_1",199.957424661737,31.8353289119611,31.2255309981396
"Low_Prob_2",NA,NA,NA
"Low_Prob_3",NA,NA,NA
"Low_Prob_4",NA,NA,NA
"Med_Prob_1",199.958726146313,77.8887368719249,89.4118848666658
"Med_Prob_2",NA,186.851748951049,NA
"Med_Prob_3",NA,199.956872232172,NA
"Med_Prob_4",NA,NA,NA
"High_Prob_1",199.960027630889,199.957484205751,161.557629918468
"High_Prob_2",NA,NA,NA
"High_Prob_3",NA,NA,NA
"High_Prob_4",NA,NA,NA
