"","LOB","MC","ROB"
"Low_Prob_1",2.0482039518662,0.0962463307001565,2.0482039518662
"Low_Prob_2",NA,NA,NA
"Low_Prob_3",NA,NA,NA
"Low_Prob_4",NA,NA,NA
"Med_Prob_1",2194.04324242989,226.968473455414,2194.04324242989
"Med_Prob_2",NA,300.552505972321,NA
"Med_Prob_3",NA,606.61146831328,NA
"Med_Prob_4",NA,NA,NA
"High_Prob_1",6694.53963876693,2848.10416627113,6694.53963876693
"High_Prob_2",NA,NA,NA
"High_Prob_3",NA,NA,NA
"High_Prob_4",NA,NA,NA
