"","LOB","MC","ROB"
"thresh_1",92.0711751509304,2.66134617681096,1.74202618362871
