"","LOB","MC","ROB"
"thresh_1",NA,NA,NA
"thresh_2",3369.2626953125,3369.2626953125,3369.2626953125
