"","LOB","MC","ROB"
"thresh_1",838.601691692759,693.915370652928,838.601691692759
"thresh_2",35384.0078125,35384.0078125,35384.0078125
