"","LOB","MC","ROB"
"thresh_1",26.2292575836182,26.2292575836182,466.08974018651
