"","LOB","MC","ROB"
"thresh_1",27.0109684994579,1.3040973866806,27.0109684994579
