"","LOB","MC","ROB"
"thresh_1",815.875814471044,4711.28109238276,21488.3715085765
"thresh_2",41750.16796875,41750.16796875,41750.16796875
