"","LOB","MC","ROB"
"thresh_1",22.9843254089355,79.4330779252621,22.9843254089355
