"","LOB","MC","ROB"
"thresh_1",853.489294160522,3014.89491466525,1056.07716232982
"thresh_2",40590.86328125,40590.86328125,40590.86328125
