"","LOB","MC","ROB"
"thresh_1",19923.7443212782,7428.54622664843,19163.3260171368
"thresh_2",50922.73828125,50922.73828125,50922.73828125
