"","LOB","MC","ROB"
"thresh_1",33353.3903366404,14984.0906928684,36877.0312763117
"thresh_2",40888.7421875,40888.7421875,40888.7421875
