"","LOB","MC","ROB"
"thresh_1",7695.48787864168,3.58973685596686,15473.1808510145
