"","LOB","MC","ROB"
"thresh_1",61.8137588500977,61.8137588500977,61.8137588500977
