"","LOB","MC","ROB"
"thresh_1",2208.51742252697,1509.07055300409,2319.16095877217
"thresh_2",16912.978515625,16912.978515625,16912.978515625
