"","LOB","MC","ROB"
"thresh_1",24.0015796120607,69.8637476319928,14.9722842611855
