"","LOB","MC","ROB"
"thresh_1",823.692991526478,62.577335357666,1176.18224427316
