"","LOB","MC","ROB"
"thresh_1",5685.72288888703,4190.84025047798,5685.72288888703
"thresh_2",47491.04296875,47491.04296875,47491.04296875
