"","LOB","MC","ROB"
"thresh_1",7047.39570890094,3873.12090082693,7010.77548652409
"thresh_2",42906.5234375,42906.5234375,42906.5234375
