"","LOB","MC","ROB"
"thresh_1",71.2913361606918,1606.50283783611,109.787753833365
"thresh_2",39231.75390625,39231.75390625,39231.75390625
