"","LOB","MC","ROB"
"thresh_1",11408.6949441036,43.978402111443,19329.6542469089
"thresh_2",28466.2832,28466.2832,28466.2832
