"","LOB","MC","ROB"
"thresh_1",3.30348362575607,1.07085329146202,3.25045791420704
