"","LOB","MC","ROB"
"thresh_1",46.5073356628418,46.5073356628418,46.5073356628418
