"","LOB","MC","ROB"
"thresh_1",468.420402539701,24.5054531097412,615.186656980198
