"","LOB","MC","ROB"
"thresh_1",18.5839866300288,0.0739712612270309,15.0047706690368
